Date,Paint,WallPaper,Compost,GardEquip,DoorLock,LightFix
2018-01-01,8,7,1,12,27,9
2018-01-02,9,5,2,16,28,9
2018-01-03,12,10,2,21,30,8
2018-01-04,13,10,3,23,30,9
2018-01-05,16,17,3,37,28,8
2018-01-06,18,24,4,41,43,7
2018-01-07,5,10,2,7,32,10
2018-01-08,8,7,1,13,24,8
2018-01-09,9,6,2,10,24,12
2018-01-10,11,12,2,22,28,9
2018-01-11,16,11,4,31,26,7
2018-01-12,14,18,4,30,24,9
2018-01-13,16,25,5,40,40,8
2018-01-14,3,12,2,8,23,11
2018-01-15,7,7,1,8,29,9
2018-01-16,10,5,2,15,26,7
2018-01-17,15,8,2,21,31,9
2018-01-18,14,14,4,26,28,9
2018-01-19,14,15,4,25,33,8
2018-01-20,14,22,5,26,46,8
2018-01-21,4,7,2,10,27,9
2018-01-22,7,6,1,12,28,9
2018-01-23,7,8,2,16,26,7
2018-01-24,14,9,3,20,26,4
2018-01-25,12,14,4,29,25,8
2018-01-26,16,18,4,29,25,9
2018-01-27,15,15,4,34,45,6
2018-01-28,4,13,2,8,27,11
2018-01-29,7,7,1,13,27,8
2018-01-30,9,7,2,15,28,8
2018-01-31,14,9,2,25,30,7
2018-02-01,10,14,3,25,25,8
2018-02-02,14,17,4,39,27,9
2018-02-03,9,21,5,50,52,6
2018-02-04,3,9,2,8,25,10
2018-02-05,6,4,1,8,27,11
2018-02-06,6,8,2,13,25,11
2018-02-07,6,9,3,29,31,7
2018-02-08,13,11,3,31,28,9
2018-02-09,8,9,3,43,26,7
2018-02-10,8,18,4,36,42,7
2018-02-11,3,10,1,9,25,14
2018-02-12,6,4,1,10,27,9
2018-02-13,7,7,2,10,29,9
2018-02-14,9,7,2,25,27,10
2018-02-15,11,9,3,26,26,10
2018-02-16,11,18,4,43,26,9
2018-02-17,11,20,5,40,48,7
2018-02-18,2,7,2,11,30,14
2018-02-19,5,5,1,10,26,11
2018-02-20,9,8,2,17,27,11
2018-02-21,9,7,3,15,28,9
2018-02-22,10,9,3,34,26,7
2018-02-23,10,13,4,38,28,10
2018-02-24,10,21,5,36,48,7
2018-02-25,3,8,2,7,29,12
2018-02-26,5,5,1,14,28,8
2018-02-27,8,9,2,16,31,9
2018-02-28,9,7,2,21,28,11
2018-03-01,13,21,6,43,31,9
2018-03-02,15,21,7,46,31,11
2018-03-03,9,24,6,37,53,9
2018-03-04,3,13,2,8,33,13
2018-03-05,7,8,2,22,27,11
2018-03-06,9,8,2,17,27,13
2018-03-07,10,13,3,32,33,9
2018-03-08,12,16,6,45,30,8
2018-03-09,16,24,7,29,29,12
2018-03-10,13,26,8,44,52,9
2018-03-11,3,12,3,9,32,12
2018-03-12,7,4,2,17,31,10
2018-03-13,10,9,2,23,28,12
2018-03-14,12,11,4,32,31,10
2018-03-15,14,15,6,33,29,10
2018-03-16,16,16,6,44,27,10
2018-03-17,13,26,7,40,54,7
2018-03-18,4,12,3,9,32,14
2018-03-19,6,7,2,17,35,11
2018-03-20,9,10,3,20,30,11
2018-03-21,9,14,4,28,29,11
2018-03-22,14,17,6,47,34,9
2018-03-23,13,20,6,48,31,12
2018-03-24,13,22,8,47,52,10
2018-03-25,2,11,3,11,29,14
2018-03-26,5,7,2,17,30,8
2018-03-27,10,7,3,26,33,9
2018-03-28,11,9,4,32,35,6
2018-03-29,12,16,5,39,32,7
2018-03-30,14,19,6,35,34,12
2018-03-31,13,28,8,48,49,10
2018-04-01,4,13,6,9,29,11
2018-04-02,7,8,4,17,29,9
2018-04-03,12,8,6,20,31,10
2018-04-04,10,19,8,28,32,8
2018-04-05,14,23,10,32,27,10
2018-04-06,20,24,13,33,27,6
2018-04-07,16,30,16,44,51,9
2018-04-08,4,15,5,10,30,13
2018-04-09,8,11,4,18,34,10
2018-04-10,10,8,6,20,32,12
2018-04-11,15,16,7,20,34,14
2018-04-12,16,23,12,40,29,10
2018-04-13,18,27,11,38,27,9
2018-04-14,16,37,14,37,57,8
2018-04-15,5,12,6,7,32,14
2018-04-16,9,11,4,16,32,12
2018-04-17,9,13,5,14,31,8
2018-04-18,13,13,8,21,33,12
2018-04-19,13,15,11,36,27,10
2018-04-20,19,22,15,40,34,9
2018-04-21,17,21,13,45,46,9
2018-04-22,5,16,6,11,33,14
2018-04-23,8,9,4,15,29,11
2018-04-24,10,10,6,18,30,10
2018-04-25,12,13,10,30,30,11
2018-04-26,15,18,12,35,33,10
2018-04-27,11,30,13,32,32,10
2018-04-28,22,31,16,37,55,7
2018-04-29,4,13,5,10,35,12
2018-04-30,9,9,4,14,32,8
2018-05-01,12,15,7,16,36,11
2018-05-02,15,17,11,23,35,9
2018-05-03,18,24,16,17,33,10
2018-05-04,18,17,21,26,37,13
2018-05-05,20,49,24,29,54,13
2018-05-06,6,23,7,7,33,14
2018-05-07,10,8,6,9,34,10
2018-05-08,12,18,9,12,38,12
2018-05-09,13,22,11,15,30,12
2018-05-10,21,26,18,14,33,11
2018-05-11,20,29,22,29,36,10
2018-05-12,24,45,27,39,54,9
2018-05-13,5,17,9,4,30,17
2018-05-14,9,8,6,9,33,11
2018-05-15,13,16,8,10,34,10
2018-05-16,16,14,12,14,32,11
2018-05-17,18,17,16,21,33,12
2018-05-18,17,33,18,16,32,8
2018-05-19,21,42,20,37,59,11
2018-05-20,5,17,9,5,30,16
2018-05-21,11,9,5,10,35,12
2018-05-22,13,14,8,18,36,11
2018-05-23,20,23,13,20,36,10
2018-05-24,15,17,17,26,34,10
2018-05-25,22,32,17,28,36,10
2018-05-26,25,40,21,22,60,11
2018-05-27,5,19,8,6,35,14
2018-05-28,13,12,5,11,33,15
2018-05-29,10,13,8,14,35,12
2018-05-30,17,17,13,17,36,10
2018-05-31,14,18,16,29,32,11
2018-06-01,19,49,28,12,33,14
2018-06-02,27,47,34,18,60,13
2018-06-03,5,20,11,3,38,13
2018-06-04,14,16,8,5,33,11
2018-06-05,17,22,11,7,40,13
2018-06-06,18,27,18,10,39,10
2018-06-07,27,33,24,16,33,11
2018-06-08,20,41,28,13,34,13
2018-06-09,31,53,27,13,58,10
2018-06-10,6,28,10,3,34,15
2018-06-11,11,19,6,5,31,14
2018-06-12,18,16,11,7,34,13
2018-06-13,16,33,14,8,35,11
2018-06-14,23,30,23,10,35,12
2018-06-15,22,38,26,11,35,14
2018-06-16,21,61,26,13,52,12
2018-06-17,7,26,11,3,37,15
2018-06-18,9,13,7,4,37,12
2018-06-19,14,17,14,6,38,14
2018-06-20,22,26,17,8,35,13
2018-06-21,21,33,20,9,36,9
2018-06-22,25,39,26,10,33,14
2018-06-23,21,50,32,9,56,12
2018-06-24,8,28,10,4,35,16
2018-06-25,13,12,8,5,33,13
2018-06-26,15,21,11,6,33,16
2018-06-27,21,29,17,10,35,15
2018-06-28,24,28,24,11,34,12
2018-06-29,26,36,23,13,33,15
2018-06-30,25,47,37,15,58,13
2018-07-01,7,29,11,5,38,19
2018-07-02,13,16,7,8,30,14
2018-07-03,14,20,11,7,38,15
2018-07-04,19,30,18,11,34,13
2018-07-05,24,33,19,16,35,11
2018-07-06,32,41,31,16,39,17
2018-07-07,29,46,30,23,75,10
2018-07-08,7,26,12,5,31,16
2018-07-09,12,10,7,9,39,12
2018-07-10,17,21,11,9,35,15
2018-07-11,23,26,17,14,41,13
2018-07-12,23,33,22,13,38,12
2018-07-13,29,43,26,20,39,13
2018-07-14,27,54,31,14,71,8
2018-07-15,7,36,11,5,38,17
2018-07-16,15,19,6,7,34,14
2018-07-17,18,26,13,8,41,15
2018-07-18,23,34,18,15,30,10
2018-07-19,21,29,22,18,42,15
2018-07-20,20,50,24,16,35,11
2018-07-21,32,68,32,19,64,10
2018-07-22,7,32,11,4,39,17
2018-07-23,17,13,8,7,38,11
2018-07-24,14,18,10,7,43,12
2018-07-25,20,32,15,15,37,8
2018-07-26,30,41,24,9,34,12
2018-07-27,37,55,25,16,42,10
2018-07-28,29,63,28,15,72,11
2018-07-29,6,31,11,4,43,17
2018-07-30,17,17,8,6,33,14
2018-07-31,17,27,13,9,35,11
2018-08-01,22,21,11,14,40,13
2018-08-02,27,30,18,18,33,9
2018-08-03,30,45,18,30,33,10
2018-08-04,32,56,25,31,58,8
2018-08-05,8,29,9,8,42,16
2018-08-06,13,17,6,9,36,12
2018-08-07,24,21,9,10,38,12
2018-08-08,21,29,12,20,36,10
2018-08-09,30,29,16,19,41,14
2018-08-10,36,41,20,29,30,12
2018-08-11,28,56,21,23,59,10
2018-08-12,8,39,9,4,36,15
2018-08-13,17,15,6,9,38,13
2018-08-14,21,22,7,10,39,11
2018-08-15,27,25,12,14,31,10
2018-08-16,23,33,19,25,34,8
2018-08-17,37,56,21,29,38,10
2018-08-18,29,52,24,26,67,11
2018-08-19,6,30,8,7,36,16
2018-08-20,15,15,6,8,29,9
2018-08-21,25,22,6,19,36,11
2018-08-22,26,25,13,15,37,10
2018-08-23,30,37,17,26,40,8
2018-08-24,28,46,19,29,40,11
2018-08-25,25,54,25,33,56,10
2018-08-26,9,21,8,6,38,15
2018-08-27,14,18,5,8,40,11
2018-08-28,21,21,9,10,38,13
2018-08-29,22,25,10,21,37,8
2018-08-30,29,38,16,28,35,11
2018-08-31,34,44,21,26,36,11
2018-09-01,27,49,15,30,54,11
2018-09-02,7,25,6,11,34,14
2018-09-03,18,14,4,15,31,12
2018-09-04,19,16,5,21,30,11
2018-09-05,21,25,8,21,30,9
2018-09-06,23,23,12,26,36,10
2018-09-07,21,40,13,40,32,11
2018-09-08,28,52,15,37,52,8
2018-09-09,7,21,5,9,39,12
2018-09-10,14,11,4,9,35,10
2018-09-11,15,16,5,18,28,11
2018-09-12,19,21,8,21,37,8
2018-09-13,23,20,12,20,37,9
2018-09-14,15,32,14,36,36,10
2018-09-15,28,32,14,29,60,10
2018-09-16,7,22,6,7,30,12
2018-09-17,12,8,3,13,34,9
2018-09-18,14,14,6,14,32,11
2018-09-19,19,21,9,20,35,9
2018-09-20,23,28,11,31,34,10
2018-09-21,27,32,13,27,28,8
2018-09-22,25,51,15,35,53,10
2018-09-23,8,26,6,8,30,11
2018-09-24,10,13,4,12,35,11
2018-09-25,20,14,5,24,37,13
2018-09-26,22,24,8,24,35,9
2018-09-27,25,29,11,25,34,10
2018-09-28,24,34,14,41,28,11
2018-09-29,27,41,15,30,52,8
2018-09-30,6,22,6,8,33,13
2018-10-01,9,9,3,17,29,10
2018-10-02,10,12,3,15,28,9
2018-10-03,16,20,5,26,28,11
2018-10-04,15,14,6,47,30,10
2018-10-05,23,25,8,42,32,11
2018-10-06,19,26,9,45,54,6
2018-10-07,3,13,4,7,30,13
2018-10-08,9,10,2,17,31,10
2018-10-09,11,10,3,23,27,10
2018-10-10,15,14,5,34,30,7
2018-10-11,18,19,6,42,32,9
2018-10-12,18,31,7,51,32,12
2018-10-13,17,34,8,49,54,8
2018-10-14,5,11,3,12,32,10
2018-10-15,9,7,2,16,29,9
2018-10-16,11,11,3,23,29,11
2018-10-17,17,14,5,30,31,10
2018-10-18,17,19,7,32,27,9
2018-10-19,21,30,8,31,31,8
2018-10-20,21,30,10,52,50,9
2018-10-21,5,21,3,13,31,13
2018-10-22,9,10,3,16,30,8
2018-10-23,10,9,4,18,31,10
2018-10-24,14,16,5,20,33,7
2018-10-25,18,21,6,34,33,10
2018-10-26,22,24,7,40,31,7
2018-10-27,18,33,9,44,49,9
2018-10-28,4,16,4,12,32,13
2018-10-29,10,12,2,18,29,10
2018-10-30,12,14,3,17,29,12
2018-10-31,12,19,5,25,33,7
2018-11-01,9,12,2,38,26,7
2018-11-02,14,19,3,26,28,10
2018-11-03,11,27,3,48,40,7
2018-11-04,4,8,1,7,29,13
2018-11-05,7,5,1,17,28,10
2018-11-06,11,7,1,21,30,9
2018-11-07,11,12,2,28,27,8
2018-11-08,12,19,2,33,28,8
2018-11-09,13,22,2,43,28,9
2018-11-10,14,21,3,50,47,8
2018-11-11,4,12,1,8,29,12
2018-11-12,7,6,1,20,29,7
2018-11-13,9,10,1,21,23,10
2018-11-14,10,9,2,24,24,9
2018-11-15,9,16,2,29,27,9
2018-11-16,14,25,3,46,30,9
2018-11-17,13,22,3,44,41,8
2018-11-18,4,14,1,5,28,11
2018-11-19,8,8,1,16,26,10
2018-11-20,6,10,1,21,30,10
2018-11-21,13,14,1,21,28,12
2018-11-22,14,18,2,23,28,10
2018-11-23,15,17,3,49,29,9
2018-11-24,15,29,3,43,41,8
2018-11-25,3,11,1,9,29,9
2018-11-26,6,8,1,13,24,8
2018-11-27,8,9,1,17,24,11
2018-11-28,9,12,1,26,28,9
2018-11-29,13,17,2,36,25,8
2018-11-30,15,18,3,36,25,11
2018-12-01,7,20,1,41,37,9
2018-12-02,2,10,1,10,21,16
2018-12-03,3,4,0,14,22,9
2018-12-04,4,7,1,15,22,10
2018-12-05,5,8,1,28,23,8
2018-12-06,6,9,1,25,28,8
2018-12-07,9,14,1,42,27,8
2018-12-08,9,15,1,28,35,7
2018-12-09,2,6,1,8,27,15
2018-12-10,4,5,0,17,21,12
2018-12-11,5,7,1,20,24,12
2018-12-12,6,7,1,29,22,10
2018-12-13,6,8,1,25,24,9
2018-12-14,8,14,2,35,22,8
2018-12-15,10,19,1,44,39,8
2018-12-16,2,11,1,6,25,12
2018-12-17,4,5,0,9,24,8
2018-12-18,6,7,1,18,23,9
2018-12-19,4,11,1,33,23,9
2018-12-20,6,7,1,41,25,8
2018-12-21,7,19,1,43,23,8
2018-12-22,9,21,2,42,47,7
2018-12-23,3,9,1,10,26,10
2018-12-24,4,6,0,14,23,10
2018-12-25,4,8,1,13,22,9
2018-12-26,6,8,1,28,25,11
2018-12-27,8,10,1,32,26,9
2018-12-28,10,15,1,45,26,8
2018-12-29,10,18,1,42,39,7
2018-12-30,2,9,1,8,23,12
2018-12-31,3,5,0,14,25,8
2019-01-01,9,9,2,15,28,14
2019-01-02,17,12,3,20,25,12
2019-01-03,17,12,4,19,29,12
2019-01-04,16,12,4,31,26,8
2019-01-05,17,21,5,45,47,11
2019-01-06,5,12,2,7,26,11
2019-01-07,10,7,1,9,20,11
2019-01-08,12,9,2,11,27,13
2019-01-09,9,12,3,23,23,9
2019-01-10,15,13,4,34,28,9
2019-01-11,15,17,4,38,26,12
2019-01-12,21,29,5,38,43,10
2019-01-13,5,10,2,10,26,14
2019-01-14,8,8,1,9,26,10
2019-01-15,11,9,2,10,25,13
2019-01-16,10,14,3,11,27,11
2019-01-17,12,14,4,31,25,13
2019-01-18,15,21,4,40,27,10
2019-01-19,15,19,5,35,42,6
2019-01-20,5,11,2,8,26,12
2019-01-21,14,9,1,10,28,14
2019-01-22,11,6,2,20,29,11
2019-01-23,17,13,3,19,27,12
2019-01-24,19,17,4,28,25,12
2019-01-25,18,18,4,28,23,13
2019-01-26,19,24,5,33,39,11
2019-01-27,5,11,2,8,25,17
2019-01-28,9,5,1,10,24,9
2019-01-29,10,8,2,14,23,13
2019-01-30,14,10,3,20,23,15
2019-01-31,12,15,4,27,29,8
2019-02-01,17,14,5,38,25,9
2019-02-02,13,22,5,44,45,9
2019-02-03,3,11,2,11,25,12
2019-02-04,7,5,1,12,23,11
2019-02-05,9,7,2,13,28,13
2019-02-06,10,10,3,16,22,12
2019-02-07,12,10,4,30,23,11
2019-02-08,12,20,5,31,27,13
2019-02-09,12,17,5,48,42,7
2019-02-10,4,9,1,10,23,11
2019-02-11,6,4,1,12,22,10
2019-02-12,7,7,2,20,28,11
2019-02-13,11,10,3,16,27,13
2019-02-14,14,13,4,36,30,11
2019-02-15,16,15,4,34,22,12
2019-02-16,12,20,6,42,43,9
2019-02-17,3,10,2,10,27,14
2019-02-18,8,6,1,16,25,13
2019-02-19,8,8,2,15,24,13
2019-02-20,9,9,3,31,25,11
2019-02-21,12,14,4,28,23,11
2019-02-22,12,12,5,48,27,15
2019-02-23,17,24,5,45,42,10
2019-02-24,4,8,2,9,22,18
2019-02-25,6,4,1,15,24,9
2019-02-26,8,6,2,16,24,12
2019-02-27,10,11,3,23,28,12
2019-02-28,13,16,4,30,25,11
2019-03-01,18,24,7,51,27,13
2019-03-02,14,26,9,45,51,11
2019-03-03,4,6,3,11,27,17
2019-03-04,7,7,2,19,31,13
2019-03-05,10,8,3,26,31,14
2019-03-06,10,14,4,34,28,11
2019-03-07,17,17,6,30,30,10
2019-03-08,14,21,7,50,29,13
2019-03-09,17,14,9,52,55,14
2019-03-10,3,13,3,12,33,17
2019-03-11,8,10,2,19,28,13
2019-03-12,11,12,3,26,27,15
2019-03-13,12,11,6,27,30,13
2019-03-14,12,18,6,43,31,11
2019-03-15,13,26,6,35,27,12
2019-03-16,15,24,8,51,50,10
2019-03-17,4,13,3,12,32,16
2019-03-18,9,5,2,14,27,11
2019-03-19,8,7,3,22,29,16
2019-03-20,12,13,5,29,24,15
2019-03-21,15,17,6,42,30,13
2019-03-22,14,22,8,49,30,11
2019-03-23,15,34,10,42,49,11
2019-03-24,4,14,3,10,34,15
2019-03-25,7,9,2,20,29,15
2019-03-26,8,10,3,23,24,14
2019-03-27,11,9,5,28,27,12
2019-03-28,13,15,6,21,31,13
2019-03-29,15,23,8,50,29,16
2019-03-30,15,27,9,47,41,10
2019-03-31,3,17,3,7,29,17
2019-04-01,10,8,4,21,33,16
2019-04-02,14,14,5,18,28,13
2019-04-03,19,18,10,17,28,14
2019-04-04,18,21,13,35,28,9
2019-04-05,21,29,16,37,28,11
2019-04-06,24,30,16,41,49,12
2019-04-07,4,13,6,10,26,19
2019-04-08,9,11,4,15,30,15
2019-04-09,12,13,7,26,28,13
2019-04-10,15,20,10,35,27,14
2019-04-11,17,21,13,36,31,10
2019-04-12,19,28,13,44,26,16
2019-04-13,16,35,16,48,48,12
2019-04-14,3,16,6,10,30,21
2019-04-15,10,10,4,17,32,12
2019-04-16,12,10,7,19,29,12
2019-04-17,14,14,9,21,28,13
2019-04-18,21,21,13,25,26,15
2019-04-19,21,26,13,24,29,14
2019-04-20,19,30,19,47,41,9
2019-04-21,5,19,6,11,27,19
2019-04-22,10,9,4,15,29,12
2019-04-23,14,14,6,18,31,10
2019-04-24,16,18,9,24,32,15
2019-04-25,14,26,12,27,30,13
2019-04-26,20,29,15,42,30,12
2019-04-27,21,41,16,43,39,13
2019-04-28,5,14,6,9,26,18
2019-04-29,9,9,4,13,28,16
2019-04-30,13,14,6,22,27,15
2019-05-01,18,21,13,18,33,11
2019-05-02,27,26,16,26,34,13
2019-05-03,25,49,28,24,28,11
2019-05-04,30,60,26,25,55,12
2019-05-05,7,24,10,8,33,16
2019-05-06,14,13,6,11,31,17
2019-05-07,17,10,10,13,39,17
2019-05-08,20,15,15,20,34,14
2019-05-09,18,26,19,23,34,14
2019-05-10,26,35,22,31,35,13
2019-05-11,28,52,24,31,48,11
2019-05-12,4,26,11,5,32,18
2019-05-13,13,12,6,9,33,17
2019-05-14,18,18,8,14,31,16
2019-05-15,16,19,14,19,37,14
2019-05-16,27,28,19,26,26,13
2019-05-17,24,45,23,28,29,13
2019-05-18,20,47,27,24,57,13
2019-05-19,6,22,11,6,35,23
2019-05-20,16,12,6,9,38,16
2019-05-21,16,22,10,13,33,12
2019-05-22,19,27,12,19,29,15
2019-05-23,24,36,20,28,35,10
2019-05-24,23,38,25,38,33,14
2019-05-25,25,48,25,25,58,18
2019-05-26,6,20,9,4,33,22
2019-05-27,14,11,6,8,35,17
2019-05-28,15,18,10,12,29,15
2019-05-29,18,19,16,18,33,12
2019-05-30,28,25,18,25,29,13
2019-05-31,30,39,21,20,33,14
2019-06-01,35,56,38,16,50,15
2019-06-02,7,30,13,3,33,17
2019-06-03,14,12,7,4,31,18
2019-06-04,20,22,14,5,35,19
2019-06-05,22,34,16,7,29,17
2019-06-06,33,34,26,13,34,15
2019-06-07,29,40,33,15,33,13
2019-06-08,35,59,32,14,60,15
2019-06-09,9,25,13,4,31,17
2019-06-10,16,14,8,5,34,15
2019-06-11,21,18,12,6,35,15
2019-06-12,24,20,16,9,34,19
2019-06-13,18,33,27,8,35,14
2019-06-14,22,52,28,12,29,16
2019-06-15,26,59,36,12,55,14
2019-06-16,8,29,13,4,31,20
2019-06-17,17,19,9,5,33,18
2019-06-18,19,21,11,8,33,20
2019-06-19,26,30,16,11,28,17
2019-06-20,23,41,25,14,37,15
2019-06-21,25,50,31,11,34,16
2019-06-22,33,60,35,17,49,12
2019-06-23,9,28,11,4,34,22
2019-06-24,14,20,8,6,33,13
2019-06-25,14,23,11,7,33,16
2019-06-26,17,33,17,9,36,17
2019-06-27,33,25,22,14,32,11
2019-06-28,36,60,26,14,30,17
2019-06-29,27,58,30,15,52,16
2019-06-30,8,29,12,4,34,20
2019-07-01,16,21,8,8,34,14
2019-07-02,22,24,13,10,36,17
2019-07-03,30,33,17,8,41,17
2019-07-04,28,42,25,20,40,13
2019-07-05,36,61,27,23,33,14
2019-07-06,32,78,32,22,60,14
2019-07-07,8,33,12,5,32,23
2019-07-08,20,24,8,5,34,14
2019-07-09,16,26,14,6,41,15
2019-07-10,31,27,20,16,37,18
2019-07-11,37,47,25,13,34,17
2019-07-12,30,39,26,14,35,15
2019-07-13,29,70,30,26,58,14
2019-07-14,8,34,12,5,37,22
2019-07-15,15,17,7,7,39,17
2019-07-16,16,23,11,9,29,18
2019-07-17,22,31,16,9,36,16
2019-07-18,30,45,27,19,38,14
2019-07-19,34,52,28,19,36,15
2019-07-20,39,64,33,16,59,13
2019-07-21,8,35,13,4,35,13
2019-07-22,17,16,8,6,32,14
2019-07-23,20,26,14,9,35,16
2019-07-24,24,41,18,14,30,14
2019-07-25,30,42,25,13,35,16
2019-07-26,35,43,31,21,36,13
2019-07-27,35,72,34,16,60,18
2019-07-28,9,31,13,5,34,22
2019-07-29,19,22,8,7,37,17
2019-07-30,22,21,13,7,34,15
2019-07-31,28,35,19,13,35,18
2019-08-01,38,32,19,21,34,14
2019-08-02,40,52,21,22,35,14
2019-08-03,30,72,27,38,62,16
2019-08-04,9,34,9,6,33,18
2019-08-05,14,20,7,10,36,16
2019-08-06,28,15,9,13,34,13
2019-08-07,31,28,14,9,35,11
2019-08-08,34,31,20,32,33,16
2019-08-09,35,50,20,33,33,16
2019-08-10,42,58,26,43,61,11
2019-08-11,8,26,10,6,34,22
2019-08-12,21,25,6,12,37,19
2019-08-13,28,28,9,16,36,17
2019-08-14,28,31,13,21,38,16
2019-08-15,33,33,18,21,33,14
2019-08-16,30,45,21,31,33,17
2019-08-17,35,70,24,33,57,12
2019-08-18,9,25,10,9,34,21
2019-08-19,19,25,7,10,33,18
2019-08-20,21,24,10,10,29,18
2019-08-21,30,27,13,18,39,16
2019-08-22,26,34,18,33,35,16
2019-08-23,37,55,20,31,32,14
2019-08-24,40,63,21,32,61,15
2019-08-25,10,31,10,10,36,12
2019-08-26,22,17,6,7,37,16
2019-08-27,31,30,9,14,29,18
2019-08-28,25,40,14,17,40,16
2019-08-29,39,35,17,28,37,13
2019-08-30,28,45,23,30,34,16
2019-08-31,38,65,26,31,60,15
2019-09-01,8,28,6,10,35,20
2019-09-02,18,14,5,12,29,9
2019-09-03,18,18,7,22,35,11
2019-09-04,24,32,9,23,34,13
2019-09-05,27,34,12,37,31,8
2019-09-06,22,43,15,44,36,10
2019-09-07,31,53,16,46,54,9
2019-09-08,10,21,6,10,28,18
2019-09-09,18,14,4,12,34,13
2019-09-10,18,17,6,20,35,13
2019-09-11,24,21,8,17,33,12
2019-09-12,31,26,9,35,32,10
2019-09-13,29,38,15,34,33,12
2019-09-14,31,52,16,44,50,12
2019-09-15,6,25,6,8,34,15
2019-09-16,18,12,4,14,40,10
2019-09-17,20,17,6,17,35,17
2019-09-18,26,29,11,24,28,11
2019-09-19,24,28,14,33,36,10
2019-09-20,29,42,12,48,34,17
2019-09-21,30,50,17,38,55,13
2019-09-22,7,26,6,8,32,16
2019-09-23,19,18,4,7,27,13
2019-09-24,19,18,6,17,30,13
2019-09-25,28,29,9,20,33,17
2019-09-26,28,32,12,38,33,14
2019-09-27,42,41,16,27,35,11
2019-09-28,29,59,14,43,60,10
2019-09-29,9,17,7,11,31,16
2019-09-30,12,15,4,14,30,14
2019-10-01,14,13,4,25,29,10
2019-10-02,14,20,5,26,28,14
2019-10-03,22,25,7,45,30,11
2019-10-04,30,26,10,55,26,15
2019-10-05,17,23,10,49,48,8
2019-10-06,6,15,3,14,27,15
2019-10-07,12,9,2,12,31,16
2019-10-08,14,12,4,22,31,12
2019-10-09,21,18,5,24,26,13
2019-10-10,21,21,9,37,30,9
2019-10-11,23,26,9,54,26,13
2019-10-12,21,38,12,56,47,11
2019-10-13,7,18,4,10,28,13
2019-10-14,10,10,3,20,30,12
2019-10-15,16,17,4,16,30,11
2019-10-16,19,18,5,31,29,13
2019-10-17,20,19,8,49,28,9
2019-10-18,19,36,9,37,30,14
2019-10-19,22,34,10,54,48,14
2019-10-20,5,13,4,11,28,18
2019-10-21,12,9,2,21,27,12
2019-10-22,12,12,5,22,27,14
2019-10-23,20,17,5,31,30,9
2019-10-24,18,23,8,35,32,9
2019-10-25,19,25,10,36,25,7
2019-10-26,22,39,8,49,50,10
2019-10-27,6,15,4,8,30,15
2019-10-28,8,11,2,24,29,14
2019-10-29,11,13,4,13,29,18
2019-10-30,21,15,6,32,30,11
2019-10-31,22,29,8,42,26,9
2019-11-01,17,18,3,49,27,11
2019-11-02,16,23,3,48,44,12
2019-11-03,4,12,1,11,25,16
2019-11-04,6,7,1,17,24,17
2019-11-05,10,8,1,19,27,12
2019-11-06,14,10,2,22,25,13
2019-11-07,12,15,2,31,24,8
2019-11-08,13,28,3,42,24,10
2019-11-09,13,20,3,44,42,7
2019-11-10,4,15,1,9,27,18
2019-11-11,9,9,1,18,27,12
2019-11-12,8,11,1,22,25,11
2019-11-13,13,15,2,26,26,13
2019-11-14,16,13,3,31,25,9
2019-11-15,17,20,3,52,24,13
2019-11-16,16,24,3,49,45,10
2019-11-17,4,10,1,12,29,13
2019-11-18,8,9,1,14,28,11
2019-11-19,11,10,1,22,24,12
2019-11-20,13,15,2,29,28,12
2019-11-21,16,13,3,36,25,11
2019-11-22,16,20,3,40,27,11
2019-11-23,11,29,4,43,38,10
2019-11-24,4,15,1,7,28,13
2019-11-25,7,8,1,13,25,14
2019-11-26,10,10,1,20,25,15
2019-11-27,12,13,2,22,29,13
2019-11-28,15,14,2,36,25,11
2019-11-29,10,27,3,43,27,10
2019-11-30,13,33,4,29,42,11
2019-12-01,3,10,1,10,24,14
2019-12-02,5,6,0,8,25,14
2019-12-03,4,9,1,13,22,14
2019-12-04,5,9,1,26,25,8
2019-12-05,9,15,1,40,23,7
2019-12-06,9,10,1,45,23,11
2019-12-07,7,18,2,42,38,8
2019-12-08,3,11,1,9,23,13
2019-12-09,5,7,0,12,23,10
2019-12-10,5,9,1,23,20,14
2019-12-11,4,10,1,30,21,13
2019-12-12,8,10,1,37,23,9
2019-12-13,10,18,1,33,21,11
2019-12-14,10,25,1,45,36,10
2019-12-15,2,12,1,6,25,13
2019-12-16,4,6,0,12,23,12
2019-12-17,5,9,1,18,23,10
2019-12-18,7,11,1,17,22,13
2019-12-19,7,10,1,29,21,9
2019-12-20,10,16,1,33,23,11
2019-12-21,9,18,2,36,35,9
2019-12-22,2,10,1,9,19,21
2019-12-23,4,6,0,17,24,12
2019-12-24,5,5,1,22,25,13
2019-12-25,7,8,1,23,25,11
2019-12-26,9,13,1,30,19,10
2019-12-27,11,21,1,49,23,9
2019-12-28,10,24,2,47,43,10
2019-12-29,2,12,1,7,22,14
2019-12-30,5,7,0,18,22,15
2019-12-31,5,7,1,18,24,12
2020-01-01,14,11,3,23,26,12
2020-01-02,16,17,5,27,24,14
2020-01-03,20,24,4,35,21,14
2020-01-04,20,24,5,38,38,14
2020-01-05,6,13,2,11,24,23
2020-01-06,12,8,1,13,27,19
2020-01-07,15,10,2,17,20,13
2020-01-08,15,14,3,23,24,16
2020-01-09,17,10,4,25,25,14
2020-01-10,21,21,5,26,26,16
2020-01-11,22,21,7,41,38,13
2020-01-12,5,16,2,7,28,19
2020-01-13,13,7,1,11,25,11
2020-01-14,10,10,2,21,25,16
2020-01-15,14,13,3,20,25,16
2020-01-16,24,17,4,39,23,14
2020-01-17,19,25,5,39,26,11
2020-01-18,21,30,5,49,40,13
2020-01-19,5,9,2,8,25,15
2020-01-20,11,8,1,13,23,11
2020-01-21,11,10,2,15,27,18
2020-01-22,13,11,3,25,26,14
2020-01-23,16,18,4,31,24,17
2020-01-24,20,22,5,29,23,11
2020-01-25,24,17,5,36,42,13
2020-01-26,6,9,2,8,22,20
2020-01-27,9,11,1,12,24,14
2020-01-28,14,8,2,16,23,16
2020-01-29,15,16,4,22,24,14
2020-01-30,20,16,4,22,21,11
2020-01-31,25,23,4,34,21,15
2020-02-01,19,20,6,48,38,12
2020-02-02,4,9,2,7,21,22
2020-02-03,9,6,2,20,26,15
2020-02-04,11,8,2,23,24,18
2020-02-05,11,10,3,25,21,14
2020-02-06,18,14,4,35,24,15
2020-02-07,16,17,5,46,24,15
2020-02-08,17,20,7,37,39,16
2020-02-09,5,11,2,8,22,21
2020-02-10,7,6,2,14,26,15
2020-02-11,9,8,2,15,22,15
2020-02-12,12,14,3,27,27,16
2020-02-13,18,10,4,38,25,12
2020-02-14,18,18,5,34,25,15
2020-02-15,15,21,6,43,37,13
2020-02-16,4,10,2,10,21,17
2020-02-17,8,5,1,16,25,14
2020-02-18,8,8,2,18,20,13
2020-02-19,10,10,3,28,24,13
2020-02-20,15,13,4,24,24,15
2020-02-21,15,17,5,40,23,19
2020-02-22,18,18,6,48,39,11
2020-02-23,3,9,2,10,23,17
2020-02-24,9,8,1,14,26,16
2020-02-25,9,8,2,19,26,13
2020-02-26,14,12,3,25,25,15
2020-02-27,18,15,4,36,24,10
2020-02-28,14,17,5,44,24,18
2020-03-01,4,19,4,14,29,19
2020-03-02,10,7,2,20,24,15
2020-03-03,12,11,3,31,28,20
2020-03-04,18,15,5,31,26,20
2020-03-05,17,21,8,49,20,14
2020-03-06,19,28,9,45,30,15
2020-03-07,24,40,9,36,46,12
2020-03-08,3,23,3,10,25,30
2020-03-09,10,9,3,19,26,14
2020-03-10,11,13,4,26,25,17
2020-03-11,14,15,5,24,29,14
2020-03-12,17,20,7,44,28,15
2020-03-13,14,30,8,47,29,17
2020-03-14,22,31,11,55,40,15
2020-03-15,2,12,3,10,26,21
2020-03-16,9,11,3,26,23,19
2020-03-17,13,14,4,19,26,27
2020-03-18,14,13,5,31,27,13
2020-03-19,19,14,8,35,28,17
2020-03-20,16,35,9,61,29,16
2020-03-21,17,32,10,63,48,16
2020-03-22,5,13,3,10,25,21
2020-03-23,11,7,2,19,23,14
2020-03-24,10,12,4,25,23,15
2020-03-25,13,11,4,34,28,17
2020-03-26,17,18,7,34,24,12
2020-03-27,18,22,8,61,26,11
2020-03-28,15,30,9,66,42,16
2020-03-29,5,15,4,7,26,20
2020-03-30,10,8,2,18,24,15
2020-03-31,11,11,3,23,27,19
2020-04-01,23,23,12,30,31,19
2020-04-02,21,18,14,46,25,16
2020-04-03,25,32,19,45,28,16
2020-04-04,20,37,19,38,46,13
2020-04-05,7,20,7,11,26,19
2020-04-06,16,11,5,13,28,19
2020-04-07,14,20,8,18,26,24
2020-04-08,15,24,11,33,31,19
2020-04-09,28,22,15,37,29,18
2020-04-10,21,27,16,50,26,20
2020-04-11,27,41,16,50,44,14
2020-04-12,6,20,7,10,29,22
2020-04-13,11,10,5,18,23,20
2020-04-14,14,12,8,18,26,17
2020-04-15,16,18,11,32,25,16
2020-04-16,22,24,13,45,25,17
2020-04-17,26,39,17,40,32,16
2020-04-18,34,34,19,53,45,12
2020-04-19,5,18,6,9,28,28
2020-04-20,14,8,5,18,27,17
2020-04-21,14,15,7,16,29,18
2020-04-22,18,17,10,35,26,20
2020-04-23,28,20,14,28,27,15
2020-04-24,28,28,17,41,32,13
2020-04-25,27,43,15,33,45,14
2020-04-26,7,22,8,9,24,26
2020-04-27,16,11,5,15,29,12
2020-04-28,12,10,7,24,23,21
2020-04-29,20,21,10,26,25,13
2020-04-30,26,27,14,37,29,18
2020-05-01,22,33,27,36,26,18
2020-05-02,31,39,25,28,49,17
2020-05-03,8,30,12,5,33,20
2020-05-04,14,13,8,13,32,18
2020-05-05,20,16,11,17,32,21
2020-05-06,20,26,15,19,26,19
2020-05-07,28,31,19,21,32,20
2020-05-08,35,29,27,30,31,22
2020-05-09,35,40,29,33,49,17
2020-05-10,7,20,11,7,31,28
2020-05-11,17,15,7,13,30,18
2020-05-12,17,21,11,15,31,21
2020-05-13,24,21,15,23,30,15
2020-05-14,27,26,19,33,28,17
2020-05-15,33,33,23,27,31,22
2020-05-16,26,37,26,27,45,13
2020-05-17,6,25,13,8,28,25
2020-05-18,12,11,7,12,30,17
2020-05-19,14,16,10,12,29,21
2020-05-20,24,23,13,21,35,20
2020-05-21,30,21,22,27,34,15
2020-05-22,31,39,21,27,26,16
2020-05-23,29,32,31,27,51,16
2020-05-24,5,26,7,9,31,22
2020-05-25,18,12,7,14,35,17
2020-05-26,18,22,11,16,28,19
2020-05-27,25,21,16,16,35,18
2020-05-28,25,33,20,28,28,16
2020-05-29,27,38,23,32,35,16
2020-05-30,33,48,27,24,54,19
2020-05-31,6,20,11,8,31,31
2020-06-01,18,18,10,5,31,24
2020-06-02,23,24,14,8,29,20
2020-06-03,30,31,21,9,33,17
2020-06-04,27,42,25,13,29,16
2020-06-05,32,52,34,15,28,28
2020-06-06,34,62,43,16,52,19
2020-06-07,7,23,12,4,36,28
2020-06-08,19,16,10,6,29,20
2020-06-09,16,26,15,8,32,24
2020-06-10,27,36,21,7,31,26
2020-06-11,32,34,28,11,26,23
2020-06-12,42,60,30,14,29,24
2020-06-13,34,61,37,19,56,17
2020-06-14,10,34,14,3,29,29
2020-06-15,16,20,10,6,27,14
2020-06-16,23,30,15,6,28,19
2020-06-17,32,29,23,8,34,16
2020-06-18,31,43,29,13,29,17
2020-06-19,32,28,33,16,30,20
2020-06-20,32,63,36,18,50,12
2020-06-21,8,22,16,3,27,24
2020-06-22,18,18,10,6,30,23
2020-06-23,20,24,13,6,26,21
2020-06-24,30,37,20,8,29,16
2020-06-25,38,55,30,12,28,18
2020-06-26,39,47,27,12,32,21
2020-06-27,27,66,36,12,58,15
2020-06-28,8,38,14,4,32,26
2020-06-29,18,20,11,5,31,16
2020-06-30,26,24,16,9,29,22
2020-07-01,29,23,21,12,32,23
2020-07-02,43,56,29,15,33,20
2020-07-03,48,81,36,18,32,23
2020-07-04,35,77,39,20,62,19
2020-07-05,12,42,17,4,36,25
2020-07-06,17,17,9,6,38,22
2020-07-07,23,27,12,9,36,25
2020-07-08,25,36,18,14,32,18
2020-07-09,38,49,30,19,34,13
2020-07-10,41,62,35,14,35,21
2020-07-11,40,73,34,22,59,16
2020-07-12,13,45,16,4,34,19
2020-07-13,19,28,8,7,34,19
2020-07-14,28,26,15,6,35,22
2020-07-15,44,34,20,17,36,22
2020-07-16,36,38,32,19,28,20
2020-07-17,37,58,36,22,32,19
2020-07-18,45,71,37,20,53,17
2020-07-19,7,33,13,5,30,29
2020-07-20,20,14,10,8,33,22
2020-07-21,25,27,15,11,28,22
2020-07-22,30,36,20,14,30,21
2020-07-23,47,35,25,12,32,21
2020-07-24,38,70,33,21,34,22
2020-07-25,41,67,36,13,61,18
2020-07-26,9,43,15,3,35,26
2020-07-27,22,21,10,8,36,26
2020-07-28,26,28,14,10,34,25
2020-07-29,32,35,18,11,28,17
2020-07-30,36,42,24,11,30,21
2020-07-31,40,75,35,21,36,23
2020-08-01,43,46,28,33,56,14
2020-08-02,10,30,9,9,34,24
2020-08-03,27,11,8,10,33,16
2020-08-04,29,26,11,17,31,25
2020-08-05,30,34,14,24,34,20
2020-08-06,38,46,24,27,34,14
2020-08-07,40,57,27,25,33,17
2020-08-08,50,73,32,32,55,17
2020-08-09,12,33,10,7,31,20
2020-08-10,24,23,7,12,36,14
2020-08-11,30,27,10,16,35,22
2020-08-12,34,31,12,21,29,21
2020-08-13,41,42,22,22,33,13
2020-08-14,38,68,25,27,35,19
2020-08-15,53,56,26,21,57,18
2020-08-16,12,39,12,6,31,27
2020-08-17,23,22,7,14,29,14
2020-08-18,27,22,12,14,36,22
2020-08-19,32,28,16,12,32,17
2020-08-20,47,47,20,20,34,14
2020-08-21,55,52,23,36,33,18
2020-08-22,54,62,28,30,57,14
2020-08-23,15,33,10,8,29,18
2020-08-24,24,19,7,10,34,15
2020-08-25,28,26,11,12,31,18
2020-08-26,27,41,14,20,37,24
2020-08-27,34,36,23,38,38,13
2020-08-28,52,60,25,28,34,19
2020-08-29,46,68,29,34,58,17
2020-08-30,13,29,12,8,35,24
2020-08-31,18,23,7,11,29,16
2020-09-01,18,21,8,13,29,12
2020-09-02,26,33,11,23,32,14
2020-09-03,32,23,12,42,29,19
2020-09-04,41,53,15,34,31,16
2020-09-05,35,55,20,51,48,12
2020-09-06,12,41,7,9,28,23
2020-09-07,22,13,4,14,30,16
2020-09-08,25,18,8,22,33,18
2020-09-09,29,25,9,22,31,13
2020-09-10,32,30,14,30,29,18
2020-09-11,47,51,14,33,29,18
2020-09-12,40,47,20,45,51,14
2020-09-13,9,29,8,9,30,24
2020-09-14,25,14,5,16,32,20
2020-09-15,20,21,7,21,29,22
2020-09-16,24,25,10,33,30,17
2020-09-17,39,31,12,36,28,16
2020-09-18,35,42,17,43,29,19
2020-09-19,33,45,20,31,49,16
2020-09-20,11,23,7,10,27,23
2020-09-21,23,11,4,17,34,17
2020-09-22,27,20,7,19,34,16
2020-09-23,29,28,11,25,30,16
2020-09-24,28,39,13,36,28,16
2020-09-25,33,34,18,42,29,23
2020-09-26,38,51,18,50,53,10
2020-09-27,9,28,7,7,29,16
2020-09-28,23,17,4,17,24,19
2020-09-29,19,16,7,17,29,17
2020-09-30,28,35,10,29,30,20
2020-10-01,24,24,7,45,25,15
2020-10-02,21,27,9,65,28,16
2020-10-03,28,46,12,38,46,13
2020-10-04,8,22,4,11,27,22
2020-10-05,14,11,3,21,27,20
2020-10-06,17,14,4,27,26,22
2020-10-07,25,18,6,37,30,13
2020-10-08,26,21,8,34,29,17
2020-10-09,31,34,10,46,25,14
2020-10-10,23,45,13,51,51,12
2020-10-11,7,14,4,14,29,21
2020-10-12,11,10,3,16,27,14
2020-10-13,14,10,5,27,27,15
2020-10-14,24,16,6,37,26,13
2020-10-15,27,23,9,45,32,12
2020-10-16,26,29,11,57,31,14
2020-10-17,27,40,12,71,53,9
2020-10-18,6,17,4,14,31,20
2020-10-19,11,11,3,16,27,11
2020-10-20,16,15,4,22,27,15
2020-10-21,20,18,6,27,26,10
2020-10-22,23,27,7,34,27,14
2020-10-23,32,22,10,39,26,10
2020-10-24,26,40,13,53,48,14
2020-10-25,7,22,4,14,29,15
2020-10-26,13,11,3,15,27,16
2020-10-27,18,12,4,18,29,17
2020-10-28,18,20,6,19,25,15
2020-10-29,33,23,8,43,27,13
2020-10-30,27,30,11,30,31,13
2020-10-31,23,40,10,64,47,13
2020-11-01,4,14,1,12,25,22
2020-11-02,10,7,1,15,24,13
2020-11-03,12,11,1,24,24,10
2020-11-04,14,15,2,25,22,13
2020-11-05,12,20,3,21,26,17
2020-11-06,17,19,3,39,25,16
2020-11-07,19,33,4,42,44,11
2020-11-08,4,14,1,11,24,19
2020-11-09,10,9,1,17,24,14
2020-11-10,10,11,2,20,23,17
2020-11-11,13,13,2,26,24,12
2020-11-12,18,16,2,29,22,12
2020-11-13,18,26,4,52,25,15
2020-11-14,20,30,4,43,43,10
2020-11-15,5,15,2,8,24,22
2020-11-16,8,8,1,19,24,14
2020-11-17,12,10,1,21,26,16
2020-11-18,16,17,2,30,22,11
2020-11-19,17,20,3,48,21,12
2020-11-20,14,31,3,46,20,14
2020-11-21,21,35,4,51,40,14
2020-11-22,4,14,1,10,27,20
2020-11-23,8,7,1,20,26,16
2020-11-24,11,11,1,19,25,18
2020-11-25,13,19,2,37,26,15
2020-11-26,15,19,3,33,22,14
2020-11-27,21,32,3,49,26,15
2020-11-28,20,39,4,50,47,14
2020-11-29,5,16,1,10,21,20
2020-11-30,11,11,1,14,25,16
2020-12-01,7,8,1,17,22,15
2020-12-02,7,9,1,20,22,12
2020-12-03,9,13,1,29,19,8
2020-12-04,10,12,2,50,22,12
2020-12-05,7,18,2,55,34,13
2020-12-06,2,13,1,9,22,23
2020-12-07,7,8,0,14,22,16
2020-12-08,8,9,1,21,19,10
2020-12-09,10,9,1,20,19,14
2020-12-10,10,11,1,30,19,11
2020-12-11,9,19,2,40,22,18
2020-12-12,14,20,2,39,33,14
2020-12-13,3,10,1,9,18,18
2020-12-14,5,7,0,17,20,17
2020-12-15,5,8,1,15,20,17
2020-12-16,8,11,1,30,21,14
2020-12-17,9,10,1,32,23,13
2020-12-18,12,17,2,33,23,15
2020-12-19,12,19,2,44,33,13
2020-12-20,3,13,1,9,24,21
2020-12-21,6,7,0,15,22,14
2020-12-22,8,11,1,23,21,16
2020-12-23,8,9,1,29,23,17
2020-12-24,11,17,1,35,20,13
2020-12-25,11,20,2,41,20,14
2020-12-26,10,21,2,46,39,13
2020-12-27,3,9,1,10,24,10
2020-12-28,8,6,1,18,23,13
2020-12-29,7,7,1,18,23,20
2020-12-30,10,7,1,20,20,16
2020-12-31,10,12,1,32,16,12
2021-01-01,26,22,5,42,26,20
2021-01-02,28,41,7,29,32,16
2021-01-03,4,11,3,9,24,26
2021-01-04,12,10,2,19,24,20
2021-01-05,17,14,2,15,24,23
2021-01-06,20,15,3,25,21,15
2021-01-07,26,18,5,32,23,17
2021-01-08,23,27,5,33,25,21
2021-01-09,30,29,6,38,32,15
2021-01-10,8,15,2,8,24,17
2021-01-11,13,10,2,13,22,24
2021-01-12,14,8,3,19,21,19
2021-01-13,22,15,4,23,20,19
2021-01-14,24,21,5,32,23,22
2021-01-15,30,20,6,35,23,21
2021-01-16,30,35,7,39,34,20
2021-01-17,8,10,2,8,22,24
2021-01-18,11,7,1,15,25,17
2021-01-19,18,13,2,18,22,20
2021-01-20,23,15,3,20,21,16
2021-01-21,25,15,5,28,20,12
2021-01-22,23,19,6,45,23,16
2021-01-23,28,25,6,44,36,12
2021-01-24,6,15,2,9,22,22
2021-01-25,13,7,2,16,22,15
2021-01-26,17,9,2,21,23,27
2021-01-27,19,18,4,21,21,24
2021-01-28,23,17,5,30,20,21
2021-01-29,24,31,6,42,23,17
2021-01-30,22,32,6,35,39,13
2021-01-31,7,14,2,8,23,27
2021-02-01,9,7,2,18,24,21
2021-02-02,9,9,3,18,23,19
2021-02-03,16,9,3,28,24,20
2021-02-04,15,16,4,27,22,18
2021-02-05,22,20,6,50,21,19
2021-02-06,23,18,6,48,41,19
2021-02-07,6,9,2,12,22,24
2021-02-08,9,6,1,15,21,17
2021-02-09,12,6,2,17,23,19
2021-02-10,14,9,4,25,22,19
2021-02-11,17,18,4,45,23,14
2021-02-12,21,23,6,48,21,19
2021-02-13,17,19,6,53,36,17
2021-02-14,5,6,2,10,21,17
2021-02-15,9,9,2,13,24,13
2021-02-16,10,8,3,12,21,18
2021-02-17,15,13,4,20,22,18
2021-02-18,17,12,4,37,25,17
2021-02-19,20,24,6,34,24,22
2021-02-20,16,21,6,41,38,18
2021-02-21,4,16,3,6,22,27
2021-02-22,9,6,2,12,21,19
2021-02-23,13,8,3,25,22,23
2021-02-24,16,14,3,35,24,23
2021-02-25,22,19,5,35,24,23
2021-02-26,13,17,5,61,22,16
2021-02-27,14,28,7,38,36,15
2021-02-28,4,13,2,9,24,27
2021-03-01,13,11,3,15,26,20
2021-03-02,12,14,4,23,29,20
2021-03-03,20,13,5,42,27,26
2021-03-04,16,18,9,41,25,18
2021-03-05,22,27,9,45,22,19
2021-03-06,19,36,12,69,46,17
2021-03-07,5,16,4,15,27,25
2021-03-08,8,9,2,21,26,15
2021-03-09,16,13,4,27,25,26
2021-03-10,19,20,5,35,23,21
2021-03-11,19,23,7,42,28,20
2021-03-12,24,33,10,64,23,13
2021-03-13,25,38,10,57,49,20
2021-03-14,4,16,4,15,24,25
2021-03-15,12,12,2,17,23,21
2021-03-16,16,14,4,25,23,19
2021-03-17,14,17,6,33,22,26
2021-03-18,15,18,6,48,24,21
2021-03-19,26,27,10,55,31,21
2021-03-20,24,28,12,66,42,19
2021-03-21,6,14,4,10,27,27
2021-03-22,12,10,3,22,26,17
2021-03-23,12,12,5,17,26,22
2021-03-24,17,9,6,31,24,22
2021-03-25,19,18,8,47,25,21
2021-03-26,21,21,9,55,20,23
2021-03-27,21,40,9,46,46,20
2021-03-28,5,20,5,13,25,30
2021-03-29,9,9,3,17,27,25
2021-03-30,10,14,3,22,23,29
2021-03-31,19,15,6,34,25,26
2021-04-01,27,26,16,35,22,19
2021-04-02,29,29,22,43,23,19
2021-04-03,38,41,24,51,41,15
2021-04-04,6,25,8,11,26,27
2021-04-05,16,11,5,15,26,17
2021-04-06,18,14,7,23,25,25
2021-04-07,21,26,9,23,23,21
2021-04-08,27,24,16,29,24,21
2021-04-09,32,39,16,45,27,21
2021-04-10,27,44,21,60,45,13
2021-04-11,6,29,8,13,28,29
2021-04-12,14,16,5,12,25,26
2021-04-13,14,15,7,23,25,24
2021-04-14,22,21,10,24,26,20
2021-04-15,26,27,15,30,23,17
2021-04-16,28,36,17,37,25,21
2021-04-17,37,43,21,49,41,18
2021-04-18,8,28,8,9,22,24
2021-04-19,14,10,5,14,26,20
2021-04-20,17,12,7,16,24,24
2021-04-21,23,20,9,32,24,23
2021-04-22,31,23,18,27,26,22
2021-04-23,29,32,18,51,25,20
2021-04-24,27,38,23,61,41,19
2021-04-25,6,26,7,11,27,25
2021-04-26,18,14,5,16,26,20
2021-04-27,15,18,8,22,26,18
2021-04-28,23,20,11,31,26,20
2021-04-29,29,33,16,29,28,19
2021-04-30,32,49,19,42,26,20
2021-05-01,36,42,31,23,37,23
2021-05-02,9,23,12,8,25,20
2021-05-03,19,13,8,14,31,21
2021-05-04,21,24,12,14,30,25
2021-05-05,23,22,15,19,26,18
2021-05-06,29,28,23,25,28,22
2021-05-07,38,40,29,38,32,25
2021-05-08,36,48,32,40,44,18
2021-05-09,10,34,14,7,28,24
2021-05-10,23,13,8,10,30,29
2021-05-11,21,20,13,11,27,25
2021-05-12,24,22,16,25,28,21
2021-05-13,33,33,23,27,28,24
2021-05-14,34,47,28,32,27,20
2021-05-15,37,57,32,31,47,21
2021-05-16,10,28,12,8,31,29
2021-05-17,19,13,8,10,26,27
2021-05-18,24,20,11,19,33,32
2021-05-19,28,28,15,20,27,26
2021-05-20,29,30,23,26,32,22
2021-05-21,36,39,29,33,26,26
2021-05-22,38,62,31,39,47,28
2021-05-23,8,25,12,6,32,26
2021-05-24,12,8,8,11,30,21
2021-05-25,24,24,10,15,31,30
2021-05-26,31,24,18,19,32,27
2021-05-27,25,28,23,19,30,28
2021-05-28,32,58,29,44,28,24
2021-05-29,40,59,30,34,46,19
2021-05-30,8,31,11,7,24,26
2021-05-31,17,15,9,15,32,28
2021-06-01,26,30,15,6,31,25
2021-06-02,28,28,22,7,33,26
2021-06-03,40,43,36,12,33,19
2021-06-04,50,67,37,14,28,23
2021-06-05,37,83,39,17,54,19
2021-06-06,11,41,16,3,29,40
2021-06-07,21,22,11,4,24,25
2021-06-08,25,31,15,7,30,31
2021-06-09,38,37,22,10,31,31
2021-06-10,41,38,34,13,32,24
2021-06-11,43,56,33,22,30,34
2021-06-12,37,88,35,13,47,28
2021-06-13,9,50,13,4,27,40
2021-06-14,22,26,12,5,31,24
2021-06-15,26,21,18,8,27,22
2021-06-16,29,42,23,6,31,28
2021-06-17,45,54,29,11,29,22
2021-06-18,41,67,41,15,30,26
2021-06-19,50,55,43,15,45,21
2021-06-20,11,27,19,3,30,20
2021-06-21,18,15,12,6,26,28
2021-06-22,23,24,15,6,30,28
2021-06-23,21,32,25,8,29,28
2021-06-24,33,29,30,12,27,31
2021-06-25,44,65,39,18,31,24
2021-06-26,44,64,40,19,44,23
2021-06-27,11,34,17,3,27,28
2021-06-28,26,23,10,6,28,21
2021-06-29,30,27,15,5,30,29
2021-06-30,34,33,15,8,30,25
2021-07-01,44,49,29,18,29,30
2021-07-02,45,53,31,24,34,24
2021-07-03,47,88,44,25,57,23
2021-07-04,12,37,17,4,32,35
2021-07-05,20,28,10,8,34,31
2021-07-06,31,28,16,9,31,26
2021-07-07,33,48,22,18,32,27
2021-07-08,41,48,36,16,32,19
2021-07-09,50,83,36,21,29,33
2021-07-10,59,80,42,28,55,25
2021-07-11,10,40,20,6,28,29
2021-07-12,27,23,10,9,28,22
2021-07-13,30,32,18,8,31,37
2021-07-14,40,42,23,15,33,34
2021-07-15,43,39,36,19,28,27
2021-07-16,60,54,36,23,29,24
2021-07-17,45,96,46,11,53,21
2021-07-18,12,33,17,4,35,24
2021-07-19,25,31,10,9,31,30
2021-07-20,29,28,16,13,29,27
2021-07-21,37,45,22,9,27,24
2021-07-22,38,46,29,21,34,26
2021-07-23,53,57,37,18,33,26
2021-07-24,46,100,37,26,53,27
2021-07-25,12,41,15,5,30,34
2021-07-26,18,27,10,7,30,29
2021-07-27,28,27,14,10,29,27
2021-07-28,36,36,22,14,35,26
2021-07-29,37,51,34,21,30,20
2021-07-30,52,63,36,25,32,23
2021-07-31,53,82,42,24,60,24
2021-08-01,9,40,13,6,30,28
2021-08-02,26,28,9,14,32,24
2021-08-03,26,25,11,15,36,23
2021-08-04,36,47,15,23,29,26
2021-08-05,43,76,27,33,28,25
2021-08-06,46,64,27,32,30,21
2021-08-07,44,98,34,38,57,25
2021-08-08,15,37,11,6,35,30
2021-08-09,23,23,9,12,31,29
2021-08-10,29,29,14,10,35,30
2021-08-11,37,39,18,21,33,23
2021-08-12,55,46,26,24,33,16
2021-08-13,54,71,26,40,32,19
2021-08-14,58,75,32,35,52,17
2021-08-15,15,36,11,6,29,29
2021-08-16,31,20,8,12,31,21
2021-08-17,36,34,12,13,26,25
2021-08-18,28,37,18,18,32,23
2021-08-19,44,45,26,29,32,24
2021-08-20,39,61,30,38,32,22
2021-08-21,39,58,32,31,53,22
2021-08-22,12,33,13,8,28,30
2021-08-23,23,21,8,13,29,20
2021-08-24,23,35,13,17,34,28
2021-08-25,32,41,17,22,29,26
2021-08-26,38,38,26,23,31,27
2021-08-27,45,74,28,22,32,19
2021-08-28,43,74,30,42,52,19
2021-08-29,13,45,12,7,30,34
2021-08-30,29,27,8,9,31,24
2021-08-31,34,20,12,15,26,27
2021-09-01,34,30,11,27,27,25
2021-09-02,35,43,14,35,29,19
2021-09-03,43,61,19,52,32,21
2021-09-04,46,46,21,40,54,18
2021-09-05,10,29,9,10,30,28
2021-09-06,23,19,4,13,25,23
2021-09-07,24,22,9,21,27,22
2021-09-08,37,31,12,29,28,20
2021-09-09,42,38,14,31,27,19
2021-09-10,44,54,17,46,31,20
2021-09-11,37,55,18,49,45,20
2021-09-12,11,32,8,10,27,29
2021-09-13,19,18,5,15,28,18
2021-09-14,24,27,6,16,36,20
2021-09-15,34,26,12,18,31,19
2021-09-16,42,28,16,32,29,20
2021-09-17,43,63,20,53,27,20
2021-09-18,46,62,21,32,48,20
2021-09-19,12,34,8,10,27,24
2021-09-20,21,21,5,15,26,23
2021-09-21,27,29,8,17,28,26
2021-09-22,41,37,12,33,28,19
2021-09-23,42,30,16,37,25,23
2021-09-24,39,63,22,34,29,20
2021-09-25,41,65,24,39,50,18
2021-09-26,11,31,8,10,25,28
2021-09-27,23,19,5,15,27,22
2021-09-28,28,29,8,23,27,24
2021-09-29,31,35,12,24,27,19
2021-09-30,36,38,16,32,31,17
2021-10-01,35,33,11,62,24,18
2021-10-02,35,37,14,60,41,16
2021-10-03,9,21,4,14,29,25
2021-10-04,20,10,3,12,24,23
2021-10-05,20,14,4,25,25,20
2021-10-06,18,24,7,35,25,22
2021-10-07,33,29,10,41,22,16
2021-10-08,40,33,12,53,29,18
2021-10-09,27,44,13,68,38,13
2021-10-10,9,24,5,10,24,31
2021-10-11,16,15,3,21,27,16
2021-10-12,19,16,5,17,27,20
2021-10-13,26,18,7,33,22,15
2021-10-14,32,22,9,50,25,18
2021-10-15,33,47,11,50,26,18
2021-10-16,24,56,13,46,49,11
2021-10-17,6,23,4,11,25,26
2021-10-18,22,11,3,14,27,19
2021-10-19,17,11,5,29,26,23
2021-10-20,23,23,8,32,25,17
2021-10-21,33,32,10,42,26,20
2021-10-22,33,46,13,65,25,18
2021-10-23,29,50,13,55,39,16
2021-10-24,9,20,5,15,24,25
2021-10-25,17,12,4,24,26,16
2021-10-26,17,15,4,17,22,18
2021-10-27,24,23,7,36,28,17
2021-10-28,36,25,10,46,27,20
2021-10-29,29,27,11,43,25,19
2021-10-30,36,42,12,56,45,19
2021-10-31,6,17,5,10,23,23
2021-11-01,11,11,1,16,26,15
2021-11-02,14,18,2,18,21,14
2021-11-03,15,21,2,27,23,19
2021-11-04,20,19,3,30,21,16
2021-11-05,22,29,4,45,20,18
2021-11-06,17,35,4,40,38,17
2021-11-07,6,13,2,10,23,26
2021-11-08,10,8,1,21,23,19
2021-11-09,14,10,2,19,24,24
2021-11-10,19,17,3,35,25,16
2021-11-11,20,22,3,37,22,17
2021-11-12,22,17,4,48,23,20
2021-11-13,24,35,4,55,41,14
2021-11-14,4,14,2,10,25,32
2021-11-15,11,11,1,14,21,21
2021-11-16,12,13,1,22,23,22
2021-11-17,19,9,2,28,24,15
2021-11-18,23,20,3,32,23,15
2021-11-19,27,36,4,45,23,21
2021-11-20,28,40,5,52,38,16
2021-11-21,5,17,1,11,26,35
2021-11-22,10,6,1,10,23,19
2021-11-23,14,12,2,14,20,23
2021-11-24,18,16,2,31,22,9
2021-11-25,20,16,3,42,21,18
2021-11-26,23,29,4,49,22,17
2021-11-27,18,38,4,37,42,16
2021-11-28,5,17,2,15,24,26
2021-11-29,10,11,1,21,23,19
2021-11-30,12,15,2,19,24,22
2021-12-01,9,13,1,28,20,16
2021-12-02,11,18,2,29,19,19
2021-12-03,10,22,2,34,20,19
2021-12-04,11,25,2,43,30,16
2021-12-05,4,14,1,12,21,26
2021-12-06,7,7,1,17,19,16
2021-12-07,8,9,1,19,18,20
2021-12-08,7,12,1,29,20,18
2021-12-09,10,16,2,47,19,23
2021-12-10,13,23,2,37,21,19
2021-12-11,15,28,2,41,35,16
2021-12-12,3,12,1,11,21,22
2021-12-13,6,5,1,13,19,13
2021-12-14,7,7,1,21,19,20
2021-12-15,9,15,1,28,16,17
2021-12-16,12,17,2,35,20,16
2021-12-17,15,21,2,45,22,21
2021-12-18,12,25,2,38,37,17
2021-12-19,3,10,1,12,19,20
2021-12-20,6,7,1,17,21,19
2021-12-21,8,10,1,22,18,23
2021-12-22,7,11,1,24,22,19
2021-12-23,11,13,2,34,19,15
2021-12-24,8,17,2,39,22,15
2021-12-25,8,24,2,50,36,17
2021-12-26,4,13,1,10,20,20
2021-12-27,5,8,0,15,21,26
2021-12-28,9,11,1,11,20,20
2021-12-29,11,12,1,32,21,21
2021-12-30,10,17,2,28,16,16
2021-12-31,11,14,2,45,20,16
2022-01-01,31,28,6,30,38,26
2022-01-02,8,14,2,7,20,33
2022-01-03,18,7,2,12,20,27
2022-01-04,21,9,3,21,19,26
2022-01-05,24,15,4,19,23,23
2022-01-06,32,21,5,32,21,25
2022-01-07,33,24,7,33,21,20
2022-01-08,32,28,7,41,36,21
2022-01-09,7,14,2,8,23,31
2022-01-10,17,9,2,11,21,34
2022-01-11,20,12,3,20,21,29
2022-01-12,16,20,3,20,23,32
2022-01-13,30,23,7,23,25,24
2022-01-14,32,28,6,42,22,28
2022-01-15,34,31,8,48,33,17
2022-01-16,8,19,3,8,23,27
2022-01-17,19,8,2,19,20,24
2022-01-18,19,13,3,20,21,24
2022-01-19,21,15,4,27,21,26
2022-01-20,24,16,4,33,18,19
2022-01-21,26,23,6,48,21,22
2022-01-22,30,31,7,49,33,16
2022-01-23,7,22,3,8,21,30
2022-01-24,18,10,2,14,19,19
2022-01-25,22,10,3,15,20,23
2022-01-26,16,18,4,29,22,28
2022-01-27,32,24,6,36,20,23
2022-01-28,28,28,6,25,19,29
2022-01-29,29,31,7,29,40,19
2022-01-30,9,14,3,8,20,27
2022-01-31,19,9,2,15,22,25
2022-02-01,13,8,3,13,20,26
2022-02-02,17,13,4,36,21,24
2022-02-03,14,18,6,34,19,21
2022-02-04,25,21,7,41,22,26
2022-02-05,24,26,8,60,40,17
2022-02-06,7,13,3,9,21,32
2022-02-07,9,8,2,17,21,25
2022-02-08,15,13,2,18,18,25
2022-02-09,18,11,4,28,17,26
2022-02-10,22,22,5,42,23,22
2022-02-11,24,23,7,52,23,29
2022-02-12,22,30,7,45,35,26
2022-02-13,6,16,3,14,20,30
2022-02-14,14,8,2,18,23,29
2022-02-15,13,9,3,18,21,24
2022-02-16,16,11,4,27,22,31
2022-02-17,18,13,5,32,19,20
2022-02-18,22,21,6,57,21,21
2022-02-19,22,25,7,39,38,20
2022-02-20,5,14,3,12,20,26
2022-02-21,7,6,2,17,20,25
2022-02-22,14,10,3,19,23,28
2022-02-23,17,11,4,37,23,18
2022-02-24,18,10,5,33,21,26
2022-02-25,20,24,6,46,21,24
2022-02-26,23,26,7,41,36,24
2022-02-27,5,13,2,13,21,34
2022-02-28,11,8,2,14,22,29
2022-03-01,15,12,5,32,22,35
2022-03-02,20,18,6,36,25,25
2022-03-03,14,29,9,48,23,26
2022-03-04,28,31,12,58,25,32
2022-03-05,25,38,13,44,41,23
2022-03-06,7,23,4,14,23,39
2022-03-07,14,9,3,20,26,36
2022-03-08,15,13,4,32,28,28
2022-03-09,17,16,6,34,25,39
2022-03-10,25,24,8,56,25,26
2022-03-11,30,36,10,67,26,29
2022-03-12,26,42,11,42,43,24
2022-03-13,7,18,5,10,23,29
2022-03-14,16,10,4,23,24,24
2022-03-15,19,17,4,24,21,31
2022-03-16,25,13,6,46,26,26
2022-03-17,25,18,8,45,24,27
2022-03-18,32,25,11,46,26,29
2022-03-19,29,46,14,29,43,19
2022-03-20,7,18,5,11,24,34
2022-03-21,12,11,3,20,21,34
2022-03-22,17,15,5,29,21,26
2022-03-23,18,18,7,30,27,28
2022-03-24,21,18,8,35,25,29
2022-03-25,28,29,11,58,24,25
2022-03-26,25,43,13,55,39,24
2022-03-27,6,17,5,11,27,36
2022-03-28,13,11,3,15,24,23
2022-03-29,14,13,5,29,21,29
2022-03-30,18,16,5,26,25,28
2022-03-31,23,17,8,48,23,33
2022-04-01,34,43,19,59,28,28
2022-04-02,31,58,21,55,44,19
2022-04-03,7,26,8,10,20,32
2022-04-04,13,15,7,15,23,30
2022-04-05,18,16,8,20,23,26
2022-04-06,29,23,11,37,24,25
2022-04-07,34,42,17,32,23,30
2022-04-08,33,35,23,41,23,26
2022-04-09,25,48,24,53,42,27
2022-04-10,9,20,10,12,27,37
2022-04-11,14,16,6,20,25,28
2022-04-12,22,20,8,18,24,31
2022-04-13,24,25,13,41,26,28
2022-04-14,34,24,20,35,25,24
2022-04-15,31,45,23,49,26,19
2022-04-16,41,61,19,62,40,22
2022-04-17,10,31,10,11,23,29
2022-04-18,18,15,6,19,27,31
2022-04-19,23,19,9,17,25,28
2022-04-20,30,21,14,29,22,32
2022-04-21,32,32,17,38,23,23
2022-04-22,39,44,21,39,27,19
2022-04-23,24,45,21,41,40,30
2022-04-24,10,22,10,10,20,48
2022-04-25,13,13,6,22,23,27
2022-04-26,20,18,8,15,24,24
2022-04-27,26,26,13,35,25,30
2022-04-28,30,28,16,50,22,22
2022-04-29,31,46,24,47,24,27
2022-04-30,35,49,22,60,41,24
2022-05-01,12,23,14,10,30,46
2022-05-02,22,21,9,8,31,37
2022-05-03,26,20,15,15,24,26
2022-05-04,30,33,19,20,27,32
2022-05-05,36,31,28,15,26,26
2022-05-06,46,34,29,31,27,24
2022-05-07,39,66,32,29,42,31
2022-05-08,12,24,15,9,26,27
2022-05-09,22,21,9,13,25,31
2022-05-10,27,29,15,15,27,29
2022-05-11,35,27,21,22,26,21
2022-05-12,35,33,31,37,32,29
2022-05-13,35,51,30,40,26,36
2022-05-14,39,46,42,36,48,29
2022-05-15,11,25,16,9,26,56
2022-05-16,14,23,11,16,23,37
2022-05-17,29,18,13,16,26,39
2022-05-18,37,31,22,22,31,28
2022-05-19,30,26,28,32,28,33
2022-05-20,45,37,32,29,26,36
2022-05-21,44,61,37,32,42,29
2022-05-22,9,29,13,7,28,36
2022-05-23,23,19,9,10,24,30
2022-05-24,24,23,13,21,26,34
2022-05-25,33,35,19,20,28,32
2022-05-26,39,37,23,24,24,26
2022-05-27,42,54,35,35,25,27
2022-05-28,49,58,41,30,45,29
2022-05-29,11,28,12,9,26,29
2022-05-30,24,15,8,13,25,30
2022-05-31,29,18,15,20,26,25
2022-06-01,40,43,21,7,25,33
2022-06-02,46,51,33,14,28,25
2022-06-03,53,53,39,19,26,27
2022-06-04,47,90,47,13,37,34
2022-06-05,14,46,20,4,27,50
2022-06-06,27,24,10,9,28,32
2022-06-07,29,30,17,9,22,38
2022-06-08,34,43,24,9,28,29
2022-06-09,42,39,32,11,29,27
2022-06-10,44,56,47,13,27,32
2022-06-11,48,88,53,18,42,14
2022-06-12,10,40,18,5,21,50
2022-06-13,27,21,11,6,27,35
2022-06-14,24,29,17,7,28,26
2022-06-15,40,38,25,15,30,32
2022-06-16,31,58,34,13,26,29
2022-06-17,48,61,46,18,24,39
2022-06-18,56,75,46,16,41,30
2022-06-19,12,36,16,3,29,45
2022-06-20,20,20,11,7,28,33
2022-06-21,31,30,17,6,27,39
2022-06-22,34,30,25,11,29,33
2022-06-23,47,44,33,11,29,33
2022-06-24,50,73,42,20,26,37
2022-06-25,51,86,43,20,46,29
2022-06-26,14,48,16,5,26,42
2022-06-27,35,23,10,7,28,26
2022-06-28,31,24,17,7,27,33
2022-06-29,38,48,26,12,24,35
2022-06-30,50,51,31,15,26,28
2022-07-01,49,61,36,18,32,17
2022-07-02,49,84,49,25,46,31
2022-07-03,13,51,15,5,25,41
2022-07-04,22,26,11,9,31,33
2022-07-05,35,34,18,10,27,33
2022-07-06,42,36,26,15,31,34
2022-07-07,51,51,37,18,28,37
2022-07-08,66,93,43,30,26,41
2022-07-09,65,82,51,19,55,36
2022-07-10,17,37,18,8,32,40
2022-07-11,31,25,14,10,31,32
2022-07-12,34,35,16,9,30,42
2022-07-13,42,55,27,17,27,40
2022-07-14,53,36,37,18,33,33
2022-07-15,65,61,39,19,33,36
2022-07-16,74,93,53,26,52,23
2022-07-17,10,51,21,5,30,44
2022-07-18,24,26,11,11,30,38
2022-07-19,40,35,16,11,28,42
2022-07-20,58,42,27,10,33,36
2022-07-21,65,67,38,15,32,27
2022-07-22,41,79,36,17,33,37
2022-07-23,67,126,49,24,46,25
2022-07-24,12,52,19,5,30,29
2022-07-25,23,23,14,7,30,33
2022-07-26,33,33,16,11,28,32
2022-07-27,45,41,24,9,29,31
2022-07-28,50,66,38,22,27,25
2022-07-29,53,63,43,22,29,33
2022-07-30,57,55,48,29,53,34
2022-07-31,13,49,16,7,29,50
2022-08-01,24,29,10,16,29,32
2022-08-02,47,30,12,15,27,41
2022-08-03,37,41,18,23,31,32
2022-08-04,47,50,27,27,26,29
2022-08-05,64,68,35,21,32,32
2022-08-06,64,90,36,34,49,26
2022-08-07,12,50,13,6,30,38
2022-08-08,38,19,9,7,30,38
2022-08-09,35,41,12,17,30,32
2022-08-10,42,48,23,21,32,37
2022-08-11,46,54,28,32,32,25
2022-08-12,66,63,31,31,29,28
2022-08-13,63,99,38,40,51,24
2022-08-14,15,48,13,6,30,45
2022-08-15,40,20,10,9,29,32
2022-08-16,37,28,12,18,29,36
2022-08-17,53,44,20,21,26,29
2022-08-18,58,41,24,31,33,22
2022-08-19,76,52,30,31,35,24
2022-08-20,61,72,37,33,50,21
2022-08-21,19,46,16,6,33,33
2022-08-22,29,25,9,14,28,40
2022-08-23,38,31,15,14,27,26
2022-08-24,53,46,21,17,30,34
2022-08-25,56,57,28,26,26,31
2022-08-26,61,97,35,41,32,26
2022-08-27,73,85,37,41,51,25
2022-08-28,19,46,15,8,31,43
2022-08-29,33,29,9,13,33,33
2022-08-30,32,36,14,14,33,35
2022-08-31,40,36,18,25,28,25
2022-09-01,51,30,18,37,27,28
2022-09-02,57,64,22,54,27,27
2022-09-03,48,47,21,46,44,24
2022-09-04,15,30,8,11,26,31
2022-09-05,26,21,7,16,27,28
2022-09-06,31,31,9,20,25,30
2022-09-07,29,41,12,28,28,18
2022-09-08,52,39,17,37,29,23
2022-09-09,53,42,21,53,25,26
2022-09-10,54,59,23,44,45,15
2022-09-11,12,30,9,7,27,40
2022-09-12,27,23,6,14,28,29
2022-09-13,36,28,9,23,23,20
2022-09-14,46,25,15,36,27,28
2022-09-15,52,38,17,27,29,25
2022-09-16,63,60,24,33,26,25
2022-09-17,55,60,25,44,46,19
2022-09-18,14,33,7,13,25,30
2022-09-19,31,21,5,11,27,26
2022-09-20,38,21,10,23,28,33
2022-09-21,55,39,13,33,30,33
2022-09-22,47,43,19,44,30,24
2022-09-23,56,61,19,49,26,24
2022-09-24,43,70,24,45,47,27
2022-09-25,17,33,8,10,26,38
2022-09-26,25,21,6,22,28,29
2022-09-27,31,23,10,19,24,31
2022-09-28,38,32,13,28,27,28
2022-09-29,49,42,17,39,30,24
2022-09-30,58,55,22,25,26,23
2022-10-01,42,40,17,48,39,23
2022-10-02,9,19,5,16,24,24
2022-10-03,16,16,4,20,23,25
2022-10-04,23,19,6,26,23,21
2022-10-05,31,28,7,45,23,27
2022-10-06,34,28,11,47,26,21
2022-10-07,37,40,12,49,22,19
2022-10-08,36,45,12,58,42,25
2022-10-09,11,20,6,12,24,40
2022-10-10,24,17,4,15,24,20
2022-10-11,21,21,6,23,22,23
2022-10-12,27,23,8,26,26,24
2022-10-13,38,23,11,37,22,20
2022-10-14,42,34,11,54,24,25
2022-10-15,35,62,13,77,34,27
2022-10-16,12,22,5,13,22,33
2022-10-17,14,14,4,22,25,25
2022-10-18,26,15,5,23,20,27
2022-10-19,23,19,8,28,23,30
2022-10-20,26,23,9,35,22,25
2022-10-21,27,34,12,49,25,31
2022-10-22,40,50,14,48,39,21
2022-10-23,10,32,4,16,29,39
2022-10-24,22,12,4,23,24,19
2022-10-25,14,16,5,28,25,24
2022-10-26,30,25,9,33,21,22
2022-10-27,29,31,10,46,23,23
2022-10-28,43,41,13,57,25,23
2022-10-29,38,35,15,65,30,20
2022-10-30,10,22,5,14,23,25
2022-10-31,18,12,4,25,26,18
2022-11-01,15,17,2,28,20,21
2022-11-02,22,17,3,30,22,25
2022-11-03,23,25,3,52,21,18
2022-11-04,22,36,4,68,22,26
2022-11-05,32,39,4,57,34,16
2022-11-06,7,12,2,14,23,42
2022-11-07,14,11,1,18,23,23
2022-11-08,16,14,2,17,20,15
2022-11-09,17,13,3,31,20,26
2022-11-10,26,25,4,56,22,29
2022-11-11,31,29,3,50,21,25
2022-11-12,29,41,5,62,38,20
2022-11-13,6,22,2,9,25,41
2022-11-14,12,13,1,18,20,26
2022-11-15,14,11,2,19,20,24
2022-11-16,20,21,2,29,20,24
2022-11-17,19,27,4,41,20,20
2022-11-18,25,28,3,53,19,25
2022-11-19,31,37,5,58,40,27
2022-11-20,7,17,2,7,22,35
2022-11-21,14,11,1,27,21,26
2022-11-22,16,14,2,22,18,21
2022-11-23,22,20,3,22,22,34
2022-11-24,28,22,3,41,21,24
2022-11-25,28,30,4,56,19,22
2022-11-26,30,38,4,62,37,27
2022-11-27,5,20,1,10,21,33
2022-11-28,13,7,1,20,19,19
2022-11-29,16,12,2,19,21,29
2022-11-30,18,14,2,37,19,29
2022-12-01,18,20,2,34,21,23
2022-12-02,14,24,2,48,19,27
2022-12-03,18,28,2,31,36,26
2022-12-04,3,16,1,9,21,27
2022-12-05,7,9,1,19,21,27
2022-12-06,8,8,1,19,17,29
2022-12-07,15,18,1,38,20,20
2022-12-08,13,19,2,30,19,19
2022-12-09,15,21,2,57,21,31
2022-12-10,14,33,2,48,34,24
2022-12-11,4,16,1,10,19,25
2022-12-12,7,6,1,14,19,25
2022-12-13,8,9,1,16,17,29
2022-12-14,12,10,1,35,19,20
2022-12-15,14,12,2,38,18,23
2022-12-16,13,21,2,32,20,28
2022-12-17,14,24,3,51,29,19
2022-12-18,4,14,1,12,19,33
2022-12-19,7,12,1,16,19,17
2022-12-20,9,11,1,13,15,27
2022-12-21,13,14,1,29,17,28
2022-12-22,15,16,2,34,21,21
2022-12-23,17,16,2,33,21,26
2022-12-24,11,30,3,44,28,22
2022-12-25,5,15,1,9,21,29
2022-12-26,8,8,1,17,21,20
2022-12-27,8,10,1,22,17,37
2022-12-28,13,13,1,25,17,26
2022-12-29,15,16,2,30,17,20
2022-12-30,14,26,2,59,18,23
2022-12-31,15,30,2,46,31,20
